{
  "lap_summary": {
    "current_samples": 3447,
    "reference_samples": 3340,
    "interpolated_points": 1000
  },
  "speed": {
    "current_top": 53.84761668697114,
    "reference_top": 58.42361035519274,
    "top_diff": -4.575993668221599,
    "current_avg": 42.11246270305133,
    "reference_avg": 43.62857028236924,
    "avg_diff": -1.5161075793179108,
    "max_gain": 3.2632411060478432,
    "max_loss": -5.049611999999996,
    "gain_distance_pct": 0.16016016016016016,
    "loss_distance_pct": 0.0
  },
  "braking": {
    "current_max_pressure": 0.6651886401770972,
    "reference_max_pressure": 0.9230519111308609,
    "current_braking_pct": 13.0,
    "reference_braking_pct": 12.9,
    "braking_time_diff_pct": 0.1,
    "current_brake_zones": 3,
    "reference_brake_zones": 8
  },
  "throttle": {
    "current_full_throttle_pct": 63.2,
    "reference_full_throttle_pct": 72.1,
    "full_throttle_diff_pct": -8.9,
    "current_avg_throttle": 0.745699761782518,
    "reference_avg_throttle": 0.7756120233966676,
    "avg_throttle_diff": -0.029912261614149616
  },
  "cornering": {
    "current_max_braking_g": -1.3870138834933468,
    "reference_max_braking_g": -1.6355854394582157,
    "braking_g_diff": 0.2485715559648689,
    "current_max_accel_g": 0.620823456465598,
    "reference_max_accel_g": 0.6276826486604979,
    "accel_g_diff": -0.0068591921948999435,
    "current_long_g_smoothness": 0.3014561661090874,
    "reference_long_g_smoothness": 0.33674182261482366,
    "current_max_lat_g": 2.4135105185689936,
    "reference_max_lat_g": 3.1600535823970124,
    "lat_g_diff": -0.7465430638280188,
    "current_avg_lat_g": 0.7354623572905602,
    "reference_avg_lat_g": 0.8087298647306577,
    "avg_lat_g_diff": -0.07326750744009747,
    "current_lat_g_smoothness": 0.6110847164179134,
    "reference_lat_g_smoothness": 0.5951485878391268,
    "lat_g_smoothness_diff": 0.015936128578786568,
    "max_lat_g_gain": 0.9572838093775253,
    "max_lat_g_loss": -1.5857708128964911,
    "max_lat_g_gain_distance_pct": 0.33433433433433435,
    "max_lat_g_loss_distance_pct": 0.34134134134134136,
    "current_max_total_g": 2.415774774836723,
    "reference_max_total_g": 3.1835094485913142,
    "max_total_g_diff": -0.7677346737545911,
    "current_avg_total_g": 0.8242684367315165,
    "reference_avg_total_g": 0.8946460779871359
  },
  "distance_comparison": [
    {
      "distance_pct": 0.0,
      "current_speed": 51.51832,
      "reference_speed": 56.567932,
      "speed_diff": -5.049611999999996,
      "corner_name": "Transition",
      "corner_type": "transition",
      "corner_progress": "entry",
      "sector": "1",
      "current_brake": 0.0,
      "reference_brake": 0.0,
      "current_throttle": 1.0,
      "reference_throttle": 1.0,
      "current_lat_g": 0.22613020387359836,
      "reference_lat_g": 0.1505754740061162,
      "lat_g_diff": 0.07555472986748216,
      "current_long_g": 0.1153240366972477,
      "reference_long_g": 0.09826649337410805,
      "long_g_diff": 0.01705754332313965,
      "current_steering": 0.004358139,
      "reference_steering": 0.017896507
    },
    {
      "distance_pct": 0.1,
      "current_speed": 40.227161963661516,
      "reference_speed": 43.478179029321765,
      "speed_diff": -3.2510170656602497,
      "corner_name": "Big Bend",
      "corner_type": "turn",
      "corner_progress": "entry",
      "sector": "1",
      "current_brake": 0.002949873931032079,
      "reference_brake": 0.0,
      "current_throttle": 0.0,
      "reference_throttle": 0.04770875167389085,
      "current_lat_g": 1.378513382929525,
      "reference_lat_g": 1.4197659201022486,
      "lat_g_diff": -0.04125253717272348,
      "current_long_g": -0.1840919091368878,
      "reference_long_g": -0.14418041441186533,
      "long_g_diff": -0.03991149472502248,
      "current_steering": 0.13237712140195285,
      "reference_steering": 0.1771394891484614
    },
    {
      "distance_pct": 0.2,
      "current_speed": 35.71210541032614,
      "reference_speed": 35.74537690789296,
      "speed_diff": -0.03327149756682246,
      "corner_name": "Big Bend",
      "corner_type": "turn",
      "corner_progress": "exit",
      "sector": "1",
      "current_brake": 0.0,
      "reference_brake": 0.0,
      "current_throttle": 1.0,
      "reference_throttle": 1.0,
      "current_lat_g": 1.186340520784205,
      "reference_lat_g": 1.1105112134912265,
      "lat_g_diff": 0.07582930729297854,
      "current_long_g": 0.3207065912997739,
      "reference_long_g": 0.2906523355356512,
      "long_g_diff": 0.03005425576412274,
      "current_steering": 0.4202693222919224,
      "reference_steering": 0.4014924932023256
    },
    {
      "distance_pct": 0.3,
      "current_speed": 33.80410856100972,
      "reference_speed": 32.17547597315204,
      "speed_diff": 1.6286325878576804,
      "corner_name": "Esses",
      "corner_type": "turn",
      "corner_progress": "mid-corner",
      "sector": "2",
      "current_brake": 0.0,
      "reference_brake": 0.0,
      "current_throttle": 1.0,
      "reference_throttle": 1.0,
      "current_lat_g": 1.3720351377869924,
      "reference_lat_g": 1.3977972147563837,
      "lat_g_diff": -0.025762076969391368,
      "current_long_g": 0.26645807599788585,
      "reference_long_g": 0.296961624372812,
      "long_g_diff": -0.030503548374926137,
      "current_steering": 0.5650601843640535,
      "reference_steering": 0.6233011373240682
    },
    {
      "distance_pct": 0.4,
      "current_speed": 41.69968931865474,
      "reference_speed": 42.75010542972041,
      "speed_diff": -1.0504161110656725,
      "corner_name": "No Name Straight",
      "corner_type": "straight",
      "corner_progress": "entry",
      "sector": "2",
      "current_brake": 0.0,
      "reference_brake": 0.0,
      "current_throttle": 1.0,
      "reference_throttle": 1.0,
      "current_lat_g": 0.3672928069656939,
      "reference_lat_g": 0.6595242718673275,
      "lat_g_diff": -0.29223146490163365,
      "current_long_g": 0.21839582872697924,
      "reference_long_g": 0.21725571971823743,
      "long_g_diff": 0.001140109008741813,
      "current_steering": 0.048024217979128585,
      "reference_steering": 0.15638512114866654
    },
    {
      "distance_pct": 0.5,
      "current_speed": 28.00897733079713,
      "reference_speed": 27.742317054163582,
      "speed_diff": 0.26666027663354797,
      "corner_name": "Uphill",
      "corner_type": "turn",
      "corner_progress": "entry",
      "sector": "3",
      "current_brake": 0.1716609902127487,
      "reference_brake": 0.039061246509267435,
      "current_throttle": 0.0,
      "reference_throttle": 0.0,
      "current_lat_g": 1.0500253590898028,
      "reference_lat_g": 1.3087549806836012,
      "lat_g_diff": -0.2587296215937984,
      "current_long_g": -0.4050474635193874,
      "reference_long_g": -0.24986030579109128,
      "long_g_diff": -0.15518715772829614,
      "current_steering": 0.30168742660824105,
      "reference_steering": 0.3608409926679763
    },
    {
      "distance_pct": 0.6,
      "current_speed": 39.811553302894666,
      "reference_speed": 41.29578374627259,
      "speed_diff": -1.4842304433779248,
      "corner_name": "Back Straight",
      "corner_type": "straight",
      "corner_progress": "entry",
      "sector": "3",
      "current_brake": 0.0,
      "reference_brake": 0.0,
      "current_throttle": 1.0,
      "reference_throttle": 1.0,
      "current_lat_g": 0.37296209398971747,
      "reference_lat_g": 0.17380813112377333,
      "lat_g_diff": 0.19915396286594414,
      "current_long_g": 0.25812283185841206,
      "reference_long_g": 0.2614176443636083,
      "long_g_diff": -0.003294812505196254,
      "current_steering": 0.03221233586730184,
      "reference_steering": 0.01010947232363943
    },
    {
      "distance_pct": 0.7,
      "current_speed": 41.964192912361604,
      "reference_speed": 43.17241887609525,
      "speed_diff": -1.2082259637336463,
      "corner_name": "West Bend",