{
  "lap_summary": {
    "current_samples": 3447,
    "reference_samples": 3397,
    "interpolated_points": 1000
  },
  "speed": {
    "current_top": 53.84761668697114,
    "reference_top": 57.214911124966385,
    "top_diff": -3.367294437995241,
    "current_avg": 42.11246270305133,
    "reference_avg": 42.83396313406862,
    "avg_diff": -0.7215004310172901,
    "max_gain": 3.3496956547254086,
    "max_loss": -4.031869999999998,
    "gain_distance_pct": 0.16616616616616617,
    "loss_distance_pct": 0.0
  },
  "braking": {
    "current_max_pressure": 0.6651886401770972,
    "reference_max_pressure": 0.9926486452930581,
    "current_braking_pct": 13.0,
    "reference_braking_pct": 10.4,
    "braking_time_diff_pct": 2.6,
    "current_brake_zones": 3,
    "reference_brake_zones": 2
  },
  "throttle": {
    "current_full_throttle_pct": 63.2,
    "reference_full_throttle_pct": 70.6,
    "full_throttle_diff_pct": -7.3999999999999995,
    "current_avg_throttle": 0.745699761782518,
    "reference_avg_throttle": 0.770048611388192,
    "avg_throttle_diff": -0.024348849605674072
  },
  "cornering": {
    "current_max_braking_g": -1.3870138834933468,
    "reference_max_braking_g": -1.574982241375574,
    "braking_g_diff": 0.18796835788222732,
    "current_max_accel_g": 0.620823456465598,
    "reference_max_accel_g": 0.5329385449882339,
    "accel_g_diff": 0.0878849114773641,
    "current_long_g_smoothness": 0.3014561661090874,
    "reference_long_g_smoothness": 0.3396781632534198,
    "current_max_lat_g": 2.4135105185689936,
    "reference_max_lat_g": 3.170560915189343,
    "lat_g_diff": -0.7570503966203495,
    "current_avg_lat_g": 0.7354623572905602,
    "reference_avg_lat_g": 0.7640863787546057,
    "avg_lat_g_diff": -0.028624021464045524,
    "current_lat_g_smoothness": 0.6110847164179134,
    "reference_lat_g_smoothness": 0.6184673930792994,
    "lat_g_smoothness_diff": -0.007382676661386034,
    "max_lat_g_gain": 0.9475068209440354,
    "max_lat_g_loss": -1.603126378781929,
    "max_lat_g_gain_distance_pct": 0.33933933933933935,
    "max_lat_g_loss_distance_pct": 0.34034034034034033,
    "current_max_total_g": 2.415774774836723,
    "reference_max_total_g": 3.176411628035831,
    "max_total_g_diff": -0.7606368531991081,
    "current_avg_total_g": 0.8242684367315165,
    "reference_avg_total_g": 0.8589298121465595
  },
  "distance_comparison": [
    {
      "distance_pct": 0.0,
      "current_speed": 51.51832,
      "reference_speed": 55.55019,
      "speed_diff": -4.031869999999998,
      "current_brake": 0.0,
      "reference_brake": 0.0,
      "current_throttle": 1.0,
      "reference_throttle": 1.0,
      "current_lat_g": 0.22613020387359836,
      "reference_lat_g": 0.08593086646279306,
      "lat_g_diff": 0.1401993374108053,
      "current_long_g": 0.1153240366972477,
      "reference_long_g": 0.07747589194699285,
      "long_g_diff": 0.037848144750254845,
      "current_steering": 0.004358139,
      "reference_steering": 0.026390579
    },
    {
      "distance_pct": 0.1,
      "current_speed": 40.227161963661516,
      "reference_speed": 40.668737007840846,
      "speed_diff": -0.4415750441793307,
      "current_brake": 0.002949873931032079,
      "reference_brake": 0.000286760600436954,
      "current_throttle": 0.0,
      "reference_throttle": 0.0,
      "current_lat_g": 1.378513382929525,
      "reference_lat_g": 1.3790614477199556,
      "lat_g_diff": -0.0005480647904305691,
      "current_long_g": -0.1840919091368878,
      "reference_long_g": -0.1673955802105731,
      "long_g_diff": -0.016696328926314702,
      "current_steering": 0.13237712140195285,
      "reference_steering": 0.17006199743472403
    },
    {
      "distance_pct": 0.2,
      "current_speed": 35.71210541032614,
      "reference_speed": 34.71728495578215,
      "speed_diff": 0.9948204545439907,
      "current_brake": 0.0,
      "reference_brake": 0.0,
      "current_throttle": 1.0,
      "reference_throttle": 0.9874142284824136,
      "current_lat_g": 1.186340520784205,
      "reference_lat_g": 0.873249838363726,
      "lat_g_diff": 0.313090682420479,
      "current_long_g": 0.3207065912997739,
      "reference_long_g": 0.31595670332392384,
      "long_g_diff": 0.004749887975850076,
      "current_steering": 0.4202693222919224,
      "reference_steering": 0.19465002931272682
    },
    {
      "distance_pct": 0.3,
      "current_speed": 33.80410856100972,
      "reference_speed": 31.34642003349867,
      "speed_diff": 2.457688527511049,
      "current_brake": 0.0,
      "reference_brake": 0.0,
      "current_throttle": 1.0,
      "reference_throttle": 0.9946927841630724,
      "current_lat_g": 1.3720351377869924,
      "reference_lat_g": 1.3717888561537206,
      "lat_g_diff": 0.0002462816332717832,
      "current_long_g": 0.26645807599788585,
      "reference_long_g": 0.27963779839652747,
      "long_g_diff": -0.013179722398641625,
      "current_steering": 0.5650601843640535,
      "reference_steering": 0.8190000943922093
    },
    {
      "distance_pct": 0.4,
      "current_speed": 41.69968931865474,
      "reference_speed": 41.74985064511812,
      "speed_diff": -0.05016132646338178,
      "current_brake": 0.0,
      "reference_brake": 0.0,
      "current_throttle": 1.0,
      "reference_throttle": 1.0,
      "current_lat_g": 0.3672928069656939,
      "reference_lat_g": 0.8410635232467505,
      "lat_g_diff": -0.4737707162810566,
      "current_long_g": 0.21839582872697924,
      "reference_long_g": 0.2151115768153261,
      "long_g_diff": 0.00328425191165313,
      "current_steering": 0.048024217979128585,
      "reference_steering": 0.06383725611398665
    },
    {
      "distance_pct": 0.5,
      "current_speed": 28.00897733079713,
      "reference_speed": 26.011417244260453,
      "speed_diff": 1.9975600865366765,
      "current_brake": 0.1716609902127487,
      "reference_brake": 0.0,
      "current_throttle": 0.0,
      "reference_throttle": 0.0,
      "current_lat_g": 1.0500253590898028,
      "reference_lat_g": 1.1420377320768431,
      "lat_g_diff": -0.09201237298704035,
      "current_long_g": -0.4050474635193874,
      "reference_long_g": -0.13991203961774115,
      "long_g_diff": -0.26513542390164624,
      "current_steering": 0.30168742660824105,
      "reference_steering": 0.4393529213394492
    },
    {
      "distance_pct": 0.6,
      "current_speed": 39.811553302894666,
      "reference_speed": 40.31057528485659,
      "speed_diff": -0.49902198196192415,
      "current_brake": 0.0,
      "reference_brake": 0.0,
      "current_throttle": 1.0,
      "reference_throttle": 1.0,
      "current_lat_g": 0.37296209398971747,
      "reference_lat_g": 0.3902789103656095,
      "lat_g_diff": -0.017316816375892052,
      "current_long_g": 0.25812283185841206,
      "reference_long_g": 0.24569131334592825,
      "long_g_diff": 0.012431518512483808,
      "current_steering": 0.03221233586730184,
      "reference_steering": 0.008491828137745037
    },
    {
      "distance_pct": 0.7,
      "current_speed": 41.964192912361604,
      "reference_speed": 42.566308110190086,
      "speed_diff": -0.602115197828482,
      "current_brake": 0.0,
      "reference_brake": 0.0,
      "current_throttle": 1.0,
      "reference_throttle": 1.0,
      "current_lat_g": 0.6736128632795584,
      "reference_lat_g": 1.0339401909064623,
      "lat_g_diff": -0.3603273276269039,
      "current_long_g": 0.18768886197350196,
      "reference_long_g": 0.19356445250765836,
      "long_g_diff": -0.0058755905341564,
      "current_steering": 0.06995562045747859,
      "reference_steering": 0.20878586036490135
    },
    {
      "distance_pct": 0.8,
      "current_speed": 49.89314134702159,
      "reference_speed": 50.01888131286367,
      "speed_diff": -0.12573996584207947,
      "current_brake": 0.0,
      "reference_brake": 0.0,
      "current_throttle": 0.8652041862897372,
      "reference_throttle": 0.6383656340966753,
      "current_lat_g": 1.4794521950285278,