{
  "max_gain_kmh": 8.273149200000008,
  "max_loss_kmh": -13.935070800000014,
  "avg_delta_kmh": -1.4510886218666668,
  "problem_zone_40pct": {
    "lap_pct": 0.4,
    "delta_kmh": 1.3661496,
    "x_m": 81.82611269641141,
    "y_m": -218.00194052092849
  },
  "problem_zone_0pct": {
    "lap_pct": 0.0,
    "delta_kmh": -6.574507199999988,
    "x_m": 206.35637509265976,
    "y_m": 157.05929552352558
  },
  "gain_zone_10pct": {
    "lap_pct": 0.1,
    "delta_kmh": 1.584853200000012,
    "x_m": 446.220896626045,
    "y_m": 18.71900390173863
  },
  "gain_zone_50pct": {
    "lap_pct": 0.5,
    "delta_kmh": 1.8663192000000037,
    "x_m": -167.4840279666111,
    "y_m": -232.53453606544213
  }
}