{
  "max_gain_kmh": 6.577805685058581,
  "max_loss_kmh": -23.77702899096681,
  "avg_delta_kmh": -3.829599701392078,
  "problem_zone_40pct": {
    "lap_pct": 0.4,
    "delta_kmh": -8.221674665039059,
    "x_m": 242.79585889110373,
    "y_m": -95.72735904798634
  },
  "problem_zone_0pct": {
    "lap_pct": 0.0,
    "delta_kmh": -0.14823315351562769,
    "x_m": 52.976648609582,
    "y_m": 418.9960123547709
  },
  "gain_zone_10pct": {
    "lap_pct": 0.1,
    "delta_kmh": 2.6420556946289127,
    "x_m": 449.5735449607862,
    "y_m": 371.2645257943515
  },
  "gain_zone_50pct": {
    "lap_pct": 0.5,
    "delta_kmh": 0.42885509765625046,
    "x_m": 216.1896102881257,
    "y_m": -510.27286601689525
  }
}