{
  "lap_summary": {
    "current_samples": 5421,
    "reference_samples": 5136,
    "interpolated_points": 1000
  },
  "speed": {
    "current_top": 49.52070093577755,
    "reference_top": 51.13324366337931,
    "top_diff": -1.6125427276017632,
    "current_avg": 35.97123837644773,
    "reference_avg": 37.60854318393702,
    "avg_diff": -1.6373048074892935,
    "max_gain": 3.9151197235133566,
    "max_loss": -9.301767431559973,
    "gain_distance_pct": 0.8438438438438438,
    "loss_distance_pct": 0.8678678678678678
  },
  "braking": {
    "current_max_pressure": 0.9102168002181487,
    "reference_max_pressure": 0.8172855883189932,
    "current_braking_pct": 13.4,
    "reference_braking_pct": 19.3,
    "braking_time_diff_pct": -5.8999999999999995,
    "current_brake_zones": 7,
    "reference_brake_zones": 7
  },
  "throttle": {
    "current_full_throttle_pct": 56.3,
    "reference_full_throttle_pct": 64.7,
    "full_throttle_diff_pct": -8.4,
    "current_avg_throttle": 0.6261880960122147,
    "reference_avg_throttle": 0.7168207934996742,
    "avg_throttle_diff": -0.0906326974874595
  },
  "cornering": {
    "current_max_braking_g": -1.4664668924113646,
    "reference_max_braking_g": -1.520056490529386,
    "braking_g_diff": 0.05358959811802144,
    "current_max_accel_g": 0.6716767623610762,
    "reference_max_accel_g": 0.6794402396417766,
    "accel_g_diff": -0.0077634772807003705,
    "current_long_g_smoothness": 0.3823239041322537,
    "reference_long_g_smoothness": 0.3759359917739069,
    "current_max_lat_g": 2.559041572778731,
    "reference_max_lat_g": 2.820985449975094,
    "lat_g_diff": -0.26194387719636314,
    "current_avg_lat_g": 0.7767318324951504,
    "reference_avg_lat_g": 0.8659450838081083,
    "avg_lat_g_diff": -0.08921325131295788,
    "current_lat_g_smoothness": 0.6000141705996931,
    "reference_lat_g_smoothness": 0.6218552045788632,
    "lat_g_smoothness_diff": -0.021841033979170144,
    "max_lat_g_gain": 1.178112998938273,
    "max_lat_g_loss": -1.760935111640442,
    "max_lat_g_gain_distance_pct": 0.6516516516516516,
    "max_lat_g_loss_distance_pct": 0.7997997997997998,
    "current_max_total_g": 2.642698695570035,
    "reference_max_total_g": 2.8219129097592073,
    "max_total_g_diff": -0.17921421418917216,
    "current_avg_total_g": 0.9096610437410447,
    "reference_avg_total_g": 0.9736471557961247
  },
  "distance_comparison": [
    {
      "distance_pct": 0.0,
      "current_speed": 45.472042083740234,
      "reference_speed": 47.34426,
      "speed_diff": -1.872217916259764,
      "corner_name": "Transition",
      "corner_type": "transition",
      "corner_progress": "entry",
      "sector": "1",
      "current_brake": 0.0,
      "reference_brake": 0.0,
      "current_throttle": 1.0,
      "reference_throttle": 1.0,
      "current_lat_g": 0.4202048469877875,
      "reference_lat_g": 0.11315202854230376,
      "lat_g_diff": 0.3070528184454837,
      "current_long_g": 0.16549002990567113,
      "reference_long_g": 0.19308520897043832,
      "long_g_diff": -0.02759517906476719,
      "current_steering": 0.0604308284819126,
      "reference_steering": 0.026874624
    },
    {
      "distance_pct": 0.1,
      "current_speed": 40.86786776388611,
      "reference_speed": 41.74231861316202,
      "speed_diff": -0.8744508492759095,
      "corner_name": "Triple Gauche",
      "corner_type": "turn",
      "corner_progress": "mid-corner",
      "sector": "1",
      "current_brake": 0.0,
      "reference_brake": 0.0,
      "current_throttle": 0.0,
      "reference_throttle": 0.0,
      "current_lat_g": 1.5410490252702107,
      "reference_lat_g": 1.6638909973955247,
      "lat_g_diff": -0.122841972125314,
      "current_long_g": -0.159363150848562,
      "reference_long_g": -0.20151163157809945,
      "long_g_diff": 0.042148480729537446,
      "current_steering": 0.26769290821070446,
      "reference_steering": 0.2921957353071138
    },
    {
      "distance_pct": 0.2,
      "current_speed": 35.43684330725993,
      "reference_speed": 37.064923211476106,
      "speed_diff": -1.6280799042161789,
      "corner_name": "Transition",
      "corner_type": "transition",
      "corner_progress": "entry",
      "sector": "1",
      "current_brake": 0.0,
      "reference_brake": 0.0,
      "current_throttle": 0.858998028446767,
      "reference_throttle": 1.0,
      "current_lat_g": 1.1714367550310731,
      "reference_lat_g": 0.978225996627176,
      "lat_g_diff": 0.19321075840389712,
      "current_long_g": 0.29083733893718766,
      "reference_long_g": 0.25939879914909697,
      "long_g_diff": 0.03143853978809069,
      "current_steering": 0.22785291151186207,
      "reference_steering": 0.1475865804023758
    },
    {
      "distance_pct": 0.3,
      "current_speed": 33.5239007185724,
      "reference_speed": 33.65095997589594,
      "speed_diff": -0.12705925732353762,
      "corner_name": "Virage du Pont",
      "corner_type": "turn",
      "corner_progress": "exit",
      "sector": "1",
      "current_brake": 0.0,
      "reference_brake": 0.0,
      "current_throttle": 1.0,
      "reference_throttle": 1.0,
      "current_lat_g": 0.0033997491998732404,
      "reference_lat_g": 0.4021713519674935,
      "lat_g_diff": -0.39877160276762025,
      "current_long_g": 0.3291872854741904,
      "reference_long_g": 0.29312376636275445,
      "long_g_diff": 0.03606351911143596,
      "current_steering": 0.02766218324755685,
      "reference_steering": 0.0649705063873956
    },
    {
      "distance_pct": 0.4,
      "current_speed": 30.680004404482645,
      "reference_speed": 30.87000483688752,
      "speed_diff": -0.19000043240487585,
      "corner_name": "La Courmelle",
      "corner_type": "turn",
      "corner_progress": "entry",
      "sector": "2",
      "current_brake": 0.0,
      "reference_brake": 0.0,
      "current_throttle": 1.0,
      "reference_throttle": 1.0,
      "current_lat_g": 0.00203276531258989,
      "reference_lat_g": 0.38531370952798116,
      "lat_g_diff": -0.3832809442153913,
      "current_long_g": 0.3799812201136183,
      "reference_long_g": 0.390086655783551,
      "long_g_diff": -0.010105435669932716,
      "current_steering": 0.02551254828402826,
      "reference_steering": 0.14518631879628274
    },
    {
      "distance_pct": 0.5,
      "current_speed": 43.51934831208964,
      "reference_speed": 45.932930091328615,
      "speed_diff": -2.4135817792389744,
      "corner_name": "Virage du Camion",
      "corner_type": "turn",
      "corner_progress": "mid-corner",
      "sector": "2",
      "current_brake": 0.029391383329111453,
      "reference_brake": 0.008941994703492676,
      "current_throttle": 0.0,
      "reference_throttle": 0.0,
      "current_lat_g": 1.8197241061205465,
      "reference_lat_g": 2.1446561012756757,
      "lat_g_diff": -0.32493199515512927,
      "current_long_g": -0.2502604134702369,
      "reference_long_g": -0.2589970614776215,
      "long_g_diff": 0.008736648007384606,
      "current_steering": 0.17804771592701346,
      "reference_steering": 0.38867768340519193
    },
    {
      "distance_pct": 0.6,
      "current_speed": 33.52350500414738,
      "reference_speed": 34.097863824092464,
      "speed_diff": -0.5743588199450826,
      "corner_name": "Transition",
      "corner_type": "transition",
      "corner_progress": "entry",
      "sector": "2",
      "current_brake": 0.0,
      "reference_brake": 0.0,
      "current_throttle": 1.0,
      "reference_throttle": 1.0,
      "current_lat_g": 0.5099243838565275,
      "reference_lat_g": 0.2637243130680648,
      "lat_g_diff": 0.24620007078846268,
      "current_long_g": -0.06525490820450222,
      "reference_long_g": 0.3104245820379367,
      "long_g_diff": -0.37567949024243896,
      "current_steering": 0.105089250170898,
      "reference_steering": 0.060772481933809484
    },
    {
      "distance_pct": 0.7,
      "current_speed": 21.570986687691963,
      "reference_speed": 23.633216539920948,