{
  "max_gain_kmh": 14.43411222451173,
  "max_loss_kmh": -33.89407040874024,
  "avg_delta_kmh": -6.338036267569857,
  "problem_zone_40pct": {
    "lap_pct": 0.4,
    "delta_kmh": -0.6735349819335881,
    "x_m": 116.17680735207047,
    "y_m": -187.3468848775721
  },
  "problem_zone_0pct": {
    "lap_pct": 0.0,
    "delta_kmh": -6.822154498535167,
    "x_m": -181.61391432251276,
    "y_m": -36.832443433359856
  },
  "gain_zone_10pct": {
    "lap_pct": 0.1,
    "delta_kmh": -7.380875235937501,
    "x_m": -78.65308265710628,
    "y_m": -345.7061382033993
  },
  "gain_zone_50pct": {
    "lap_pct": 0.5,
    "delta_kmh": -12.87225551953126,
    "x_m": -50.2098124778432,
    "y_m": 116.05648047982328
  }
}