{
  "max_gain_kmh": 7.9678728000000065,
  "max_loss_kmh": -17.371728000000022,
  "avg_delta_kmh": -3.2109312752531536,
  "problem_zone_40pct": {
    "lap_pct": 0.4,
    "delta_kmh": -6.234289199999995,
    "x_m": -261.9688579582743,
    "y_m": 135.56106965848187
  },
  "problem_zone_0pct": {
    "lap_pct": 0.0,
    "delta_kmh": -2.12692679999999,
    "x_m": 295.66958681959454,
    "y_m": -179.84482769703646
  },
  "gain_zone_10pct": {
    "lap_pct": 0.1,
    "delta_kmh": -17.257247999999983,
    "x_m": -141.66591939670454,
    "y_m": -54.476840280350984
  },
  "gain_zone_50pct": {
    "lap_pct": 0.5,
    "delta_kmh": -1.9282428000000038,
    "x_m": -401.171414935805,
    "y_m": -106.85106689789109
  }
}