{
  "max_gain_kmh": 4.718488879248049,
  "max_loss_kmh": -23.13293593798828,
  "avg_delta_kmh": -5.207048148198472,
  "problem_zone_40pct": {
    "lap_pct": 0.4,
    "delta_kmh": -10.774392084228523,
    "x_m": 72.92189793215884,
    "y_m": 229.67554129566594
  },
  "problem_zone_0pct": {
    "lap_pct": 0.0,
    "delta_kmh": -2.6986111962890678,
    "x_m": -112.99861472937961,
    "y_m": -227.5101747898711
  },
  "gain_zone_10pct": {
    "lap_pct": 0.1,
    "delta_kmh": -1.3808013389648466,
    "x_m": 206.8581787122576,
    "y_m": -51.43637984149677
  },
  "gain_zone_50pct": {
    "lap_pct": 0.5,
    "delta_kmh": -5.2109536051757805,
    "x_m": 208.10683886507599,
    "y_m": 156.99391000335567
  }
}