{
  "max_gain_kmh": 6.024971285156261,
  "max_loss_kmh": -13.127861249999999,
  "avg_delta_kmh": -2.0761379204736037,
  "problem_zone_40pct": {
    "lap_pct": 0.4,
    "delta_kmh": -2.124578612988293,
    "x_m": -60.05566039046264,
    "y_m": -24.570830907211985
  },
  "problem_zone_0pct": {
    "lap_pct": 0.0,
    "delta_kmh": -3.2692964387695214,
    "x_m": 228.98071727256666,
    "y_m": -149.1689174899085
  },
  "gain_zone_10pct": {
    "lap_pct": 0.1,
    "delta_kmh": -5.050654312499993,
    "x_m": 94.29949327472697,
    "y_m": -550.8589124939527
  },
  "gain_zone_50pct": {
    "lap_pct": 0.5,
    "delta_kmh": -5.241894350097652,
    "x_m": -192.41995230904433,
    "y_m": 278.1907442208305
  }
}