{
  "max_gain_kmh": 9.2194992,
  "max_loss_kmh": -10.580328000000003,
  "avg_delta_kmh": -1.56880854063981,
  "problem_zone_40pct": {
    "lap_pct": 0.4,
    "delta_kmh": 0.40748400000001084,
    "x_m": 79.72405613532294,
    "y_m": -218.99776899540683
  },
  "problem_zone_0pct": {
    "lap_pct": 0.0,
    "delta_kmh": -6.457021199999992,
    "x_m": 205.91178642914264,
    "y_m": 156.50445860132976
  },
  "gain_zone_10pct": {
    "lap_pct": 0.1,
    "delta_kmh": 1.4822640000000065,
    "x_m": 447.20414236321386,
    "y_m": 18.04389829461485
  },
  "gain_zone_50pct": {
    "lap_pct": 0.5,
    "delta_kmh": 1.0414512000000116,
    "x_m": -168.87717134412267,
    "y_m": -232.7486123485656
  }
}