{
  "max_gain_kmh": 12.254500800000015,
  "max_loss_kmh": -7.693862399999992,
  "avg_delta_kmh": 0.39487136359393216,
  "problem_zone_40pct": {
    "lap_pct": 0.4,
    "delta_kmh": -0.6855407999999897,
    "x_m": 63.610865491518986,
    "y_m": 228.08178347988644
  },
  "problem_zone_0pct": {
    "lap_pct": 0.0,
    "delta_kmh": 2.3116607999999985,
    "x_m": -13.326814654548754,
    "y_m": -206.08907296328425
  },
  "gain_zone_10pct": {
    "lap_pct": 0.1,
    "delta_kmh": 1.0159560000000227,
    "x_m": -265.6540332079589,
    "y_m": 11.573194470470582
  },
  "gain_zone_50pct": {
    "lap_pct": 0.5,
    "delta_kmh": -1.9388591999999947,
    "x_m": 130.60047575717167,
    "y_m": 153.75539239661066
  }
}