{
  "max_gain_kmh": 11.7815328,
  "max_loss_kmh": -18.220139999999994,
  "avg_delta_kmh": -4.929671844386424,
  "problem_zone_40pct": {
    "lap_pct": 0.4,
    "delta_kmh": -4.6540799999999996,
    "x_m": 78.39132029702225,
    "y_m": -218.5467491165693
  },
  "problem_zone_0pct": {
    "lap_pct": 0.0,
    "delta_kmh": -18.178603199999987,
    "x_m": 205.97692474600495,
    "y_m": 156.42427298755763
  },
  "gain_zone_10pct": {
    "lap_pct": 0.1,
    "delta_kmh": -9.391391999999994,
    "x_m": 442.22695866109643,
    "y_m": 25.51064057210027
  },
  "gain_zone_50pct": {
    "lap_pct": 0.5,
    "delta_kmh": -11.882440799999992,
    "x_m": -168.61232913384373,
    "y_m": -233.2096417920033
  }
}