{
  "max_gain_kmh": 9.965987999999996,
  "max_loss_kmh": -20.881562399999986,
  "avg_delta_kmh": -5.269648915926893,
  "problem_zone_40pct": {
    "lap_pct": 0.4,
    "delta_kmh": -5.114959200000004,
    "x_m": 78.39132029702225,
    "y_m": -218.5467491165693
  },
  "problem_zone_0pct": {
    "lap_pct": 0.0,
    "delta_kmh": -14.066315999999984,
    "x_m": 205.97692474600495,
    "y_m": 156.42427298755763
  },
  "gain_zone_10pct": {
    "lap_pct": 0.1,
    "delta_kmh": -9.188114399999993,
    "x_m": 442.22695866109643,
    "y_m": 25.51064057210027
  },
  "gain_zone_50pct": {
    "lap_pct": 0.5,
    "delta_kmh": -17.811212399999995,
    "x_m": -168.61232913384373,
    "y_m": -233.2096417920033
  }
}