{
  "lap_summary": {
    "current_samples": 5314,
    "reference_samples": 5338,
    "interpolated_points": 1000
  },
  "speed": {
    "current_top": 54.82583831373418,
    "reference_top": 54.72438364590466,
    "top_diff": 0.10145466782952184,
    "current_avg": 37.76345165808271,
    "reference_avg": 37.48901876856213,
    "avg_diff": 0.27443288952057543,
    "max_gain": 3.708262974193012,
    "max_loss": -2.7055915961927184,
    "gain_distance_pct": 0.11011011011011011,
    "loss_distance_pct": 0.7707707707707707
  },
  "braking": {
    "current_max_pressure": 0.948860138675131,
    "reference_max_pressure": 0.788631132710646,
    "current_braking_pct": 17.7,
    "reference_braking_pct": 23.1,
    "braking_time_diff_pct": -5.4,
    "current_brake_zones": 8,
    "reference_brake_zones": 6
  },
  "throttle": {
    "current_full_throttle_pct": 59.199999999999996,
    "reference_full_throttle_pct": 62.7,
    "full_throttle_diff_pct": -3.5000000000000004,
    "current_avg_throttle": 0.676159378371134,
    "reference_avg_throttle": 0.6856178939661451,
    "avg_throttle_diff": -0.009458515595011097
  },
  "cornering": {
    "current_max_braking_g": -1.6876330402260245,
    "reference_max_braking_g": -1.5686181190442843,
    "braking_g_diff": -0.11901492118174017,
    "current_max_accel_g": 0.933227468610982,
    "reference_max_accel_g": 0.7400300242275567,
    "accel_g_diff": 0.19319744438342534,
    "current_long_g_smoothness": 0.3450523996557303,
    "reference_long_g_smoothness": 0.382285879829459,
    "current_max_lat_g": 2.5939753165728447,
    "reference_max_lat_g": 2.270614954126241,
    "lat_g_diff": 0.32336036244660393,
    "current_avg_lat_g": 0.8114292147210633,
    "reference_avg_lat_g": 0.7725093809394961,
    "avg_lat_g_diff": 0.03891983378156727,
    "current_lat_g_smoothness": 0.6294401464626589,
    "reference_lat_g_smoothness": 0.602247127101296,
    "lat_g_smoothness_diff": 0.02719301936136287,
    "max_lat_g_gain": 1.2574376679137276,
    "max_lat_g_loss": -1.5421129670272504,
    "max_lat_g_gain_distance_pct": 0.12812812812812813,
    "max_lat_g_loss_distance_pct": 0.4904904904904905,
    "current_max_total_g": 2.646635108309438,
    "reference_max_total_g": 2.2719028505490857,
    "max_total_g_diff": 0.37473225776035246,
    "current_avg_total_g": 0.9144116050650227,
    "reference_avg_total_g": 0.8921646387998757
  },
  "distance_comparison": [
    {
      "distance_pct": 0.0,
      "current_speed": 46.235012,
      "reference_speed": 46.614353,
      "speed_diff": -0.3793410000000037,
      "current_brake": 0.0,
      "reference_brake": 0.0,
      "current_throttle": 1.0,
      "reference_throttle": 1.0,
      "current_lat_g": 0.056672895005096834,
      "reference_lat_g": 0.04753623853211009,
      "lat_g_diff": 0.009136656472986747,
      "current_long_g": 0.1704507645259939,
      "reference_long_g": 0.16874852191641182,
      "long_g_diff": 0.001702242609582072,
      "current_steering": 0.0037772777,
      "reference_steering": 0.012492431
    },
    {
      "distance_pct": 0.1,
      "current_speed": 42.514883904255555,
      "reference_speed": 40.77108540184806,
      "speed_diff": 1.7437985024074933,
      "current_brake": 0.9169735485951526,
      "reference_brake": 0.761907565513697,
      "current_throttle": 0.03500493152227538,
      "reference_throttle": 0.023195718992801116,
      "current_lat_g": 0.20361279964505277,
      "reference_lat_g": 0.17007903090408338,
      "lat_g_diff": 0.03353376874096939,
      "current_long_g": -1.6876330402260245,
      "reference_long_g": -1.164090827600842,
      "long_g_diff": -0.5235422126251825,
      "current_steering": 0.05186332958969891,
      "reference_steering": 0.02764907446105341
    },
    {
      "distance_pct": 0.2,
      "current_speed": 37.08279362556435,
      "reference_speed": 37.14296974404044,
      "speed_diff": -0.060176118476093166,
      "current_brake": 0.0,
      "reference_brake": 0.0,
      "current_throttle": 1.0,
      "reference_throttle": 1.0,
      "current_lat_g": 0.7988653446624538,
      "reference_lat_g": 0.7285413056630805,
      "lat_g_diff": 0.07032403899937334,
      "current_long_g": 0.2790408833500126,
      "reference_long_g": 0.27284092023545387,
      "long_g_diff": 0.006199963114558726,
      "current_steering": 0.1307353541880677,
      "reference_steering": 0.1479861538997014
    },
    {
      "distance_pct": 0.3,
      "current_speed": 50.927855387522804,
      "reference_speed": 50.82299333033612,
      "speed_diff": 0.10486205718668629,
      "current_brake": 0.0,
      "reference_brake": 0.0,
      "current_throttle": 1.0,
      "reference_throttle": 1.0,
      "current_lat_g": 0.16269219485759792,
      "reference_lat_g": 0.05024157345772383,
      "lat_g_diff": 0.11245062139987409,
      "current_long_g": 0.03569995638538237,
      "reference_long_g": -0.015449781859725403,
      "long_g_diff": 0.051149738245107775,
      "current_steering": 0.02832955409002373,
      "reference_steering": 0.01992027221443563
    },
    {
      "distance_pct": 0.4,
      "current_speed": 38.956636432084544,
      "reference_speed": 37.993829072950476,
      "speed_diff": 0.962807359134068,
      "current_brake": 0.03297249396253223,
      "reference_brake": 0.0231145,
      "current_throttle": 0.0,
      "reference_throttle": 0.0,
      "current_lat_g": 1.5512688950477123,
      "reference_lat_g": 1.2181270761209286,
      "lat_g_diff": 0.33314181892678363,
      "current_long_g": -0.19900631395918572,
      "reference_long_g": -0.16399361524873865,
      "long_g_diff": -0.03501269871044707,
      "current_steering": 0.26825695317136594,
      "reference_steering": 0.13665574376798223
    },
    {
      "distance_pct": 0.5,
      "current_speed": 34.34618131138442,
      "reference_speed": 33.04071952476089,
      "speed_diff": 1.3054617866235319,
      "current_brake": 0.0,
      "reference_brake": 0.0,
      "current_throttle": 1.0,
      "reference_throttle": 0.7712856017045066,
      "current_lat_g": 0.7836283139974757,
      "reference_lat_g": 1.0076983846487388,
      "lat_g_diff": -0.22407007065126316,
      "current_long_g": 0.357600046178221,
      "reference_long_g": 0.3500819891401646,
      "long_g_diff": 0.007518057038056414,
      "current_steering": 0.1335101127120806,
      "reference_steering": 0.02716211374941373
    },
    {
      "distance_pct": 0.6,
      "current_speed": 33.30258561001338,
      "reference_speed": 33.34854434669787,
      "speed_diff": -0.04595873668449002,
      "current_brake": 0.0,
      "reference_brake": 0.0,
      "current_throttle": 1.0,
      "reference_throttle": 1.0,
      "current_lat_g": 0.8093492353688543,
      "reference_lat_g": 0.57105874900232,
      "lat_g_diff": 0.23829048636653427,
      "current_long_g": 0.34761048817614887,
      "reference_long_g": 0.3393439515170297,
      "long_g_diff": 0.008266536659119195,
      "current_steering": 0.14754737787961958,
      "reference_steering": 0.008873080334443664
    },
    {
      "distance_pct": 0.7,
      "current_speed": 22.62877474065575,
      "reference_speed": 22.01461136576787,
      "speed_diff": 0.6141633748878803,
      "current_brake": 0.0,
      "reference_brake": 0.03202760689893916,
      "current_throttle": 0.000118067201396518,
      "reference_throttle": 0.04309561,
      "current_lat_g": 1.7995857831076618,
      "reference_lat_g": 1.798087544841103,
      "lat_g_diff": 0.0014982382665589267,
      "current_long_g": -0.21414582083243644,
      "reference_long_g": -0.22613051042626325,
      "long_g_diff": 0.011984689593826814,
      "current_steering": 1.234796825403417,
      "reference_steering": 1.1185733162677374
    },
    {
      "distance_pct": 0.8,
      "current_speed": 28.729381515065626,
      "reference_speed": 27.79284289128641,
      "speed_diff": 0.9365386237792173,
      "current_brake": 0.0,
      "reference_brake": 0.0,
      "current_throttle": 1.0,
      "reference_throttle": 1.0,