{
  "max_gain_kmh": 7.8153371999999965,
  "max_loss_kmh": -11.388592799999989,
  "avg_delta_kmh": -0.6498840486910994,
  "problem_zone_40pct": {
    "lap_pct": 0.4,
    "delta_kmh": -1.5887303999999944,
    "x_m": -140.66463375556563,
    "y_m": 72.11563929958231
  },
  "problem_zone_0pct": {
    "lap_pct": 0.0,
    "delta_kmh": 1.2709547999999984,
    "x_m": 149.9136781863729,
    "y_m": 84.02669758307326
  },
  "gain_zone_10pct": {
    "lap_pct": 0.1,
    "delta_kmh": 0.45973080000000127,
    "x_m": 127.54002251397536,
    "y_m": -305.6308177163069
  },
  "gain_zone_50pct": {
    "lap_pct": 0.5,
    "delta_kmh": 1.5051851999999968,
    "x_m": 13.177983402840745,
    "y_m": -152.85549961482928
  }
}