{
  "lap_summary": {
    "current_samples": 5381,
    "reference_samples": 5338,
    "interpolated_points": 1000
  },
  "speed": {
    "current_top": 54.949660557031514,
    "reference_top": 54.72438364590466,
    "top_diff": 0.22527691112685488,
    "current_avg": 37.27237025569518,
    "reference_avg": 37.48901876856213,
    "avg_diff": -0.21664851286695352,
    "max_gain": 2.298419352412335,
    "max_loss": -2.2144916526168856,
    "gain_distance_pct": 0.5185185185185185,
    "loss_distance_pct": 0.48648648648648646
  },
  "braking": {
    "current_max_pressure": 0.8887722552008932,
    "reference_max_pressure": 0.788631132710646,
    "current_braking_pct": 18.4,
    "reference_braking_pct": 23.1,
    "braking_time_diff_pct": -4.7,
    "current_brake_zones": 8,
    "reference_brake_zones": 6
  },
  "throttle": {
    "current_full_throttle_pct": 61.199999999999996,
    "reference_full_throttle_pct": 62.7,
    "full_throttle_diff_pct": -1.5,
    "current_avg_throttle": 0.6969218232209156,
    "reference_avg_throttle": 0.6856178939661451,
    "avg_throttle_diff": 0.011303929254770417
  },
  "cornering": {
    "current_max_braking_g": -1.4716167785166459,
    "reference_max_braking_g": -1.5686181190442843,
    "braking_g_diff": 0.09700134052763842,
    "current_max_accel_g": 0.6969049284353955,
    "reference_max_accel_g": 0.7400300242275567,
    "accel_g_diff": -0.04312509579216117,
    "current_long_g_smoothness": 0.3847402103688756,
    "reference_long_g_smoothness": 0.382285879829459,
    "current_max_lat_g": 2.206361986929192,
    "reference_max_lat_g": 2.270614954126241,
    "lat_g_diff": -0.06425296719704887,
    "current_avg_lat_g": 0.7582722768439594,
    "reference_avg_lat_g": 0.7725093809394961,
    "avg_lat_g_diff": -0.01423710409553669,
    "current_lat_g_smoothness": 0.5926410713865601,
    "reference_lat_g_smoothness": 0.602247127101296,
    "lat_g_smoothness_diff": -0.00960605571473594,
    "max_lat_g_gain": 0.9226443511024546,
    "max_lat_g_loss": -0.5435289632582017,
    "max_lat_g_gain_distance_pct": 0.13613613613613612,
    "max_lat_g_loss_distance_pct": 0.9089089089089089,
    "current_max_total_g": 2.21249269775441,
    "reference_max_total_g": 2.2719028505490857,
    "max_total_g_diff": -0.059410152794675763,
    "current_avg_total_g": 0.8789892314991828,
    "reference_avg_total_g": 0.8921646387998757
  },
  "distance_comparison": [
    {
      "distance_pct": 0.0,
      "current_speed": 46.218563,
      "reference_speed": 46.614353,
      "speed_diff": -0.3957899999999981,
      "current_brake": 0.0,
      "reference_brake": 0.0,
      "current_throttle": 1.0,
      "reference_throttle": 1.0,
      "current_lat_g": 0.006288286952089704,
      "reference_lat_g": 0.04753623853211009,
      "lat_g_diff": -0.041247951580020384,
      "current_long_g": 0.17221182466870538,
      "reference_long_g": 0.16874852191641182,
      "long_g_diff": 0.003463302752293562,
      "current_steering": 0.003777278,
      "reference_steering": 0.012492431
    },
    {
      "distance_pct": 0.1,
      "current_speed": 41.621300730989724,
      "reference_speed": 40.77108540184806,
      "speed_diff": 0.8502153291416619,
      "current_brake": 0.8851850735563228,
      "reference_brake": 0.761907565513697,
      "current_throttle": 0.0,
      "reference_throttle": 0.023195718992801116,
      "current_lat_g": 0.20752981199190762,
      "reference_lat_g": 0.17007903090408338,
      "lat_g_diff": 0.037450781087824236,
      "current_long_g": -1.4431117609956157,
      "reference_long_g": -1.164090827600842,
      "long_g_diff": -0.27902093339477374,
      "current_steering": 0.04775609096233259,
      "reference_steering": 0.02764907446105341
    },
    {
      "distance_pct": 0.2,
      "current_speed": 36.75441291004749,
      "reference_speed": 37.14296974404044,
      "speed_diff": -0.3885568339929506,
      "current_brake": 0.0,
      "reference_brake": 0.0,
      "current_throttle": 1.0,
      "reference_throttle": 1.0,
      "current_lat_g": 0.44100934998594005,
      "reference_lat_g": 0.7285413056630805,
      "lat_g_diff": -0.28753195567714046,
      "current_long_g": 0.28073897823050215,
      "reference_long_g": 0.27284092023545387,
      "long_g_diff": 0.00789805799504828,
      "current_steering": 0.07595856411957488,
      "reference_steering": 0.1479861538997014
    },
    {
      "distance_pct": 0.3,
      "current_speed": 50.85321103636628,
      "reference_speed": 50.82299333033612,
      "speed_diff": 0.030217706030164493,
      "current_brake": 0.0,
      "reference_brake": 0.0,
      "current_throttle": 1.0,
      "reference_throttle": 1.0,
      "current_lat_g": 0.0276396489267497,
      "reference_lat_g": 0.05024157345772383,
      "lat_g_diff": -0.022601924530974128,
      "current_long_g": 0.041274342929105035,
      "reference_long_g": -0.015449781859725403,
      "long_g_diff": 0.05672412478883044,
      "current_steering": 0.0029569359901073845,
      "reference_steering": 0.01992027221443563
    },
    {
      "distance_pct": 0.4,
      "current_speed": 36.06611663946506,
      "reference_speed": 37.993829072950476,
      "speed_diff": -1.9277124334854179,
      "current_brake": 0.040033363,
      "reference_brake": 0.0231145,
      "current_throttle": 0.0,
      "reference_throttle": 0.0,
      "current_lat_g": 0.8244025370099075,
      "reference_lat_g": 1.2181270761209286,
      "lat_g_diff": -0.3937245391110211,
      "current_long_g": -0.20004618747142594,
      "reference_long_g": -0.16399361524873865,
      "long_g_diff": -0.03605257222268729,
      "current_steering": 0.1484292122583568,
      "reference_steering": 0.13665574376798223
    },
    {
      "distance_pct": 0.5,
      "current_speed": 34.513104987443455,
      "reference_speed": 33.04071952476089,
      "speed_diff": 1.472385462682567,
      "current_brake": 0.0,
      "reference_brake": 0.0,
      "current_throttle": 1.0,
      "reference_throttle": 0.7712856017045066,
      "current_lat_g": 0.7248522220591791,
      "reference_lat_g": 1.0076983846487388,
      "lat_g_diff": -0.28284616258955975,
      "current_long_g": 0.3387384422816295,
      "reference_long_g": 0.3500819891401646,
      "long_g_diff": -0.011343546858535059,
      "current_steering": 0.056996496802645395,
      "reference_steering": 0.02716211374941373
    },
    {
      "distance_pct": 0.6,
      "current_speed": 33.21767545089961,
      "reference_speed": 33.34854434669787,
      "speed_diff": -0.13086889579825822,
      "current_brake": 0.0,
      "reference_brake": 0.0,
      "current_throttle": 1.0,
      "reference_throttle": 1.0,
      "current_lat_g": 0.7506749666028198,
      "reference_lat_g": 0.57105874900232,
      "lat_g_diff": 0.17961621760049984,
      "current_long_g": 0.35660064713239487,
      "reference_long_g": 0.3393439515170297,
      "long_g_diff": 0.017256695615365192,
      "current_steering": 0.010032287533526184,
      "reference_steering": 0.008873080334443664
    },
    {
      "distance_pct": 0.7,
      "current_speed": 21.769194707188536,
      "reference_speed": 22.01461136576787,
      "speed_diff": -0.2454166585793338,
      "current_brake": 0.0,
      "reference_brake": 0.03202760689893916,
      "current_throttle": 0.4997302158789784,
      "reference_throttle": 0.04309561,
      "current_lat_g": 1.4981879565724423,
      "reference_lat_g": 1.798087544841103,
      "lat_g_diff": -0.2998995882686606,
      "current_long_g": 0.2252823969502392,
      "reference_long_g": -0.22613051042626325,
      "long_g_diff": 0.4514129073765024,
      "current_steering": 0.8947359847340214,
      "reference_steering": 1.1185733162677374
    },
    {
      "distance_pct": 0.8,
      "current_speed": 27.942663329912826,
      "reference_speed": 27.79284289128641,
      "speed_diff": 0.14982043862641703,
      "current_brake": 0.0,
      "reference_brake": 0.0,
      "current_throttle": 1.0,
      "reference_throttle": 1.0,